videoId,publishedAt,period,viewCount,likeCount,commentCount
eN3wrhLqZ4o,2025-09-14 07:14:36+00:00,After Founding,47586,4745,274
4gNdgJlro-w,2025-09-13 07:14:02+00:00,After Founding,21646,2206,141
iSZk3X-2BKI,2025-09-12 13:14:39+00:00,After Founding,25248,2515,137
I5wa38u48U4,2025-09-12 07:15:20+00:00,After Founding,40268,2857,176
F0sqnVTGv10,2025-09-11 17:18:36+00:00,After Founding,123860,8462,543
T0cMioFNJ1k,2025-09-11 07:11:36+00:00,After Founding,24393,1880,172
-Ar6ftwyVwY,2025-09-10 07:10:55+00:00,After Founding,35350,2498,133
i_VgFLoXyqQ,2025-09-09 16:29:26+00:00,After Founding,238547,16070,4082
kG5EwaaJuEQ,2025-09-09 07:14:50+00:00,After Founding,36672,2621,342
S_rolizwenA,2025-09-08 16:46:18+00:00,After Founding,15497,1682,152
DSOa-JviyBQ,2025-09-08 07:18:22+00:00,After Founding,100533,4810,218
zCJAwKV08KY,2025-09-04 17:03:42+00:00,After Founding,179015,12332,5800
Md7X9hnC7U4,2025-09-04 07:12:55+00:00,After Founding,36511,3446,400
co4LDPcUJM4,2025-09-02 15:33:34+00:00,After Founding,23295,2532,640
JCYyn4N4tJU,2025-09-01 15:32:07+00:00,After Founding,19142,1695,337
5W9S9CxwIZc,2025-08-31 16:07:21+00:00,After Founding,80400,6923,285
mDnjyJBKsd4,2025-08-30 08:06:29+00:00,After Founding,18714,1981,1052
TvrOz9-tFvc,2025-08-21 07:04:42+00:00,After Founding,49820,4487,239
WFBQK4JxUYU,2025-08-20 15:20:00+00:00,After Founding,79739,5786,455
LKIMHrYVvOM,2025-08-19 15:23:59+00:00,After Founding,251041,17633,900
xBdmQmLL3q4,2025-08-10 15:55:53+00:00,After Founding,23716,1373,266
7eTjJ1R8ZZg,2025-08-03 16:11:28+00:00,After Founding,32864,2727,3146
5Xxu4bydU60,2025-08-01 15:50:39+00:00,After Founding,25255,2463,738
XZ2JSy_y2uU,2025-07-29 15:29:53+00:00,After Founding,24939,1752,158
VkOwE70hHk0,2025-07-21 07:48:16+00:00,After Founding,102425,8237,631
h44kdBnPkaY,2025-07-17 15:05:46+00:00,After Founding,123686,7386,325
ZfctZnsrJkM,2025-07-16 14:56:33+00:00,After Founding,63640,5265,557
hA7mMeSMyzA,2025-07-14 09:29:58+00:00,After Founding,74144,6013,615
TF1WpiJKA1M,2025-07-10 15:02:17+00:00,After Founding,71967,5950,373
OR_4lgGH0UY,2025-07-08 07:18:36+00:00,After Founding,106345,6695,464
O4iFWEw8w6Q,2025-07-07 15:14:26+00:00,After Founding,53770,3947,278
VLzgTaD7_qU,2025-07-06 14:59:29+00:00,After Founding,518412,16272,299
mNsCDphbE1c,2025-07-05 19:25:08+00:00,After Founding,66457,4961,1394
9wxo_er8m-U,2025-07-05 07:14:19+00:00,After Founding,35912,2284,88
DkHyoLPst00,2025-07-02 07:30:14+00:00,After Founding,48225,3936,305
xZhoF4y7SUk,2025-07-01 15:22:27+00:00,After Founding,80167,5339,4565
Rkp8hJEssQU,2025-06-29 07:28:12+00:00,After Founding,47959,4711,347
Po560dE89XE,2025-06-26 16:28:56+00:00,After Founding,99449,8300,2408
Y9cJWMr1deE,2025-06-25 18:21:01+00:00,After Founding,117812,7686,771
a1V0AMP_F1U,2025-06-22 16:36:02+00:00,After Founding,284545,14535,993
_GVn9m0tDHQ,2025-06-22 06:59:39+00:00,After Founding,56497,4056,186
fH_1pIi7t3I,2025-06-21 07:16:32+00:00,After Founding,45407,3424,160
ElYFmNzqXA8,2025-06-19 07:05:59+00:00,After Founding,83894,4854,272
faDMk_ejymA,2025-06-18 07:03:40+00:00,After Founding,178069,11905,517
TSoJDhL65qk,2025-06-16 15:29:29+00:00,After Founding,46492,3586,204
EWT8N5FqDLA,2025-06-15 10:09:10+00:00,After Founding,194415,9707,581
sBrR1r9tYIY,2025-06-12 16:01:25+00:00,After Founding,102158,8138,3401
ONyIaTOppmo,2025-06-10 07:08:15+00:00,After Founding,40067,1524,168
ZDsGTqEIXUo,2025-06-09 08:54:07+00:00,After Founding,30702,2141,137
WHQDEn05uZM,2025-06-08 15:03:33+00:00,After Founding,25239,2045,96
bMOwPdW-PWE,2025-06-07 09:08:33+00:00,After Founding,31311,2459,143
r000PlQSX4I,2025-06-05 16:10:19+00:00,After Founding,86598,6917,2847
rpq69wlKFGU,2025-06-04 16:12:11+00:00,After Founding,44669,5245,1066
SOwoIyx-grE,2025-06-02 17:18:23+00:00,After Founding,52493,2946,115
imsJbgXaWOw,2025-06-02 07:41:11+00:00,After Founding,162775,9134,649
tqM-HzP8R4E,2025-06-01 07:32:57+00:00,After Founding,122354,7922,666
38Mylcsif5Q,2025-05-27 08:11:34+00:00,After Founding,240739,13162,1072
WS6G3s55PNI,2025-05-26 18:37:53+00:00,After Founding,232768,14222,1754
Uei16n7bvjg,2025-05-23 08:48:51+00:00,After Founding,39546,3586,238
5rJaFa-Qv98,2025-05-22 18:41:49+00:00,After Founding,250919,16196,7038
Drg_jogctUQ,2025-05-20 17:02:16+00:00,After Founding,132288,7310,767
Lm22LSzCSNk,2025-05-20 15:19:48+00:00,After Founding,100612,6749,430
WmNswep2cFY,2025-05-19 06:51:49+00:00,After Founding,47255,4025,642
sQ6dI3tOgyQ,2025-05-16 16:23:03+00:00,After Founding,99942,8359,292
xT36gWfE6Uk,2025-05-16 12:00:46+00:00,After Founding,208497,10594,671
iL44wTd8Rbk,2025-05-16 06:54:08+00:00,After Founding,99006,7763,362
GJFO-rmNyOs,2025-05-15 07:06:46+00:00,After Founding,152101,12025,2695
HgtznDjFLlk,2025-05-13 15:53:18+00:00,After Founding,106700,8744,352
px3FA_JO4kA,2025-05-12 15:23:08+00:00,After Founding,139714,11168,3248
ORj7cspeDmo,2025-05-11 07:58:27+00:00,After Founding,180441,10388,609
fGBrvijqZXk,2025-05-09 14:09:06+00:00,After Founding,79928,5056,325
fBSvBPE3zYs,2025-05-08 17:05:07+00:00,After Founding,144511,8904,551
xpP4FlLoecw,2025-05-08 12:20:16+00:00,After Founding,326367,13986,578
p_1HTJeudj0,2025-05-07 16:50:47+00:00,After Founding,45296,4196,1582
z33GofG6stE,2025-05-06 11:25:55+00:00,After Founding,251563,12516,617
txQTmeRPFCg,2025-05-04 09:32:36+00:00,After Founding,284048,8575,370
DiVbYog9Ixc,2025-05-03 11:02:13+00:00,After Founding,687425,39573,1731
hwmvKdL_BMo,2025-04-30 09:01:38+00:00,After Founding,66724,3932,310
TWwxMc9uO5s,2025-04-28 15:04:19+00:00,After Founding,724425,39012,1266
4u5earcc4Oc,2025-04-22 10:29:06+00:00,After Founding,68786,5859,267
Gig36_2w5RM,2025-04-19 12:35:22+00:00,After Founding,44953,2423,216
99_RbKRMdG8,2025-04-17 14:03:51+00:00,After Founding,316774,18339,734
g8mxtYPU790,2025-03-19 17:07:26+00:00,After Founding,40227,3901,287
edYs2MhD_AA,2025-03-19 10:11:20+00:00,After Founding,325322,24547,1006
2f6_dlNTyfc,2025-03-18 14:55:19+00:00,After Founding,102988,8675,7840
zg_G5vb_-t4,2025-03-15 15:09:46+00:00,After Founding,66710,8462,547
lXdPkEakMgk,2025-03-13 15:59:38+00:00,After Founding,57853,6173,2337
DAo3i-_N0yc,2025-03-13 10:41:31+00:00,After Founding,138346,9252,2129
ezfAs4-_Ggo,2025-02-24 13:45:28+00:00,After Founding,49460,5097,689
TCogSxg5aJk,2025-02-23 05:40:02+00:00,After Founding,23094,2782,339
dhz7IdT2A6c,2025-02-22 21:55:06+00:00,After Founding,25064,2414,143
oj_wBWH-Zf8,2025-02-22 14:03:22+00:00,After Founding,23523,2091,1078
eFUAN-Gp2_A,2025-02-22 09:27:14+00:00,After Founding,37867,3243,348
-F0EXGzcJkU,2025-02-21 17:48:04+00:00,After Founding,182579,10612,2145
8QcjPxImdEE,2025-02-21 17:10:02+00:00,After Founding,22755,2881,164
-3NP_gjEfVM,2025-02-21 15:00:01+00:00,After Founding,47072,4757,435
BVwGfdveakM,2025-02-21 12:50:56+00:00,After Founding,11656,1717,99
LHDfDcaZpcQ,2025-02-21 10:08:40+00:00,After Founding,145112,9311,488
DlysNFd-fds,2025-02-19 20:00:04+00:00,After Founding,31551,3737,180
ujQz06FoPqU,2025-02-19 17:40:09+00:00,After Founding,20715,1948,252
A1a2zsiNQaM,2025-02-19 14:49:52+00:00,After Founding,112471,6047,1479
24BQK9XnJDc,2025-02-18 19:07:04+00:00,After Founding,11738,1492,45
M0VWUC-2A3M,2025-02-18 16:45:44+00:00,After Founding,22247,2579,711
1h-dPVJ546Y,2025-02-18 10:10:18+00:00,After Founding,19945,1367,274
Ilz89_X9vLA,2025-02-17 17:19:22+00:00,After Founding,55552,5931,418
fTVVQ5qhQaM,2025-02-17 11:34:24+00:00,After Founding,19541,2981,225
iDacAEPH5Mw,2025-02-17 09:47:49+00:00,After Founding,36069,3613,732
HZq8ehTxgw4,2025-02-16 17:28:02+00:00,After Founding,15767,2382,190
Z7FxYYOgbmo,2025-02-16 10:08:02+00:00,After Founding,16277,2590,240
N1rqJVGj1_k,2025-02-15 15:21:29+00:00,After Founding,19233,2203,351
lYFNTnDHIik,2025-02-15 10:41:21+00:00,After Founding,23239,2675,146
giNrsFl9Lc8,2025-02-14 17:10:23+00:00,After Founding,22055,2490,201
8dc1woIjHbo,2025-02-14 15:11:23+00:00,After Founding,25070,2774,178
-GkvmnDs0P8,2025-02-14 12:54:18+00:00,After Founding,14604,1924,137
qxeHdMLZd-s,2025-02-13 17:09:45+00:00,After Founding,32381,3653,348
GHxvEMW5DKs,2025-02-13 10:32:10+00:00,After Founding,17736,1679,104
LOxLJI2igzk,2025-02-12 19:58:59+00:00,After Founding,30365,3254,294
DAr1BoKi2u0,2025-02-12 17:01:20+00:00,After Founding,22935,2425,292
-oZzNhEYL0s,2025-02-12 15:07:45+00:00,After Founding,11634,1704,161
XWo02QoRT6Y,2025-02-12 10:16:07+00:00,After Founding,12299,1727,167
1I4k4aZtdDo,2025-02-11 17:01:48+00:00,After Founding,16930,1972,162
ISHyDjrYrYU,2025-02-11 15:12:42+00:00,After Founding,28701,2699,225
xI7MsGcTgPU,2025-02-11 13:48:12+00:00,After Founding,67333,4915,2104
q3ay3DojScQ,2025-02-10 15:14:54+00:00,After Founding,37028,3029,186
uS6ZyfyypWE,2025-02-10 14:12:46+00:00,After Founding,57611,3921,876
p9t2O1y-AWw,2025-02-10 10:11:36+00:00,After Founding,19585,2950,341
5enyL6ZWAVA,2025-02-10 07:52:54+00:00,After Founding,9676,1425,162
x_KQo1ZppeM,2025-02-09 15:05:01+00:00,After Founding,11410,958,126
yxTtoiTGFzg,2025-02-09 10:05:08+00:00,After Founding,58726,3493,498
WkGAkMB9s1w,2025-02-08 17:07:19+00:00,After Founding,34808,3735,397
mhCS7ONMpO8,2025-02-08 13:01:52+00:00,After Founding,11052,1473,93
QU3-DEK5YeQ,2025-02-07 19:04:06+00:00,After Founding,20700,997,149
l0BCbVMMfP0,2025-02-07 17:35:47+00:00,After Founding,337691,15887,1058
0bXObNFweuM,2025-02-07 13:16:17+00:00,After Founding,29480,3118,330
tQ-WxaVhB7s,2025-02-07 10:18:59+00:00,After Founding,84278,6870,444
X3vdNP4Mjtg,2025-02-06 17:02:37+00:00,After Founding,904243,29923,1596
GM5LP29RKqc,2025-02-06 11:01:57+00:00,After Founding,24158,2782,405
a4ziPldxh-U,2025-02-05 17:49:15+00:00,After Founding,22400,2412,325
hgswPvCyliA,2025-02-05 10:51:29+00:00,After Founding,31291,3836,310
5ECUB4ytzZY,2025-02-04 17:17:07+00:00,After Founding,17601,1696,176
Wdna00tCibs,2025-02-03 17:00:53+00:00,After Founding,77189,7465,616
54iKyWzGqAo,2025-02-02 17:08:55+00:00,After Founding,34068,3109,267
-Ekf2UnTSMI,2025-02-02 11:02:59+00:00,After Founding,66823,5595,569
81tCRNQjwq8,2025-02-01 17:17:08+00:00,After Founding,20458,2104,435
n8tji-CDSYI,2025-02-01 14:03:14+00:00,After Founding,18376,2329,213
DucNDOenBVQ,2025-02-01 11:10:07+00:00,After Founding,29093,2535,284
R677ZDqI7fo,2025-01-31 15:51:49+00:00,After Founding,168848,8925,4431
gynXfjrAOMs,2025-01-31 11:01:28+00:00,After Founding,19487,1798,181
BSLVe0ZAlWk,2025-01-30 12:20:43+00:00,After Founding,110747,6886,1350
L0JndQtfyCg,2025-01-29 18:08:38+00:00,After Founding,64315,4692,1310
WPpbz8oy1iA,2025-01-29 15:27:34+00:00,After Founding,21024,1437,273
DXhIj8TVa6A,2025-01-28 17:46:53+00:00,After Founding,31490,3370,413
Urnp18TuEgM,2025-01-28 14:46:00+00:00,After Founding,81272,5367,1584
mtNkukYbnnU,2025-01-27 17:04:11+00:00,After Founding,17568,1951,333
FUFQRnG_d1k,2025-01-26 17:03:13+00:00,After Founding,27091,2687,339
DGFMCpPtf74,2025-01-25 16:59:36+00:00,After Founding,19004,2037,312
cdFVkLjldwU,2025-01-24 17:01:57+00:00,After Founding,14501,1246,223
c0NELulBHcE,2025-01-23 17:08:13+00:00,After Founding,55053,4319,1404
zRCP3XDRzMs,2025-01-23 17:07:54+00:00,After Founding,28334,2395,315
xkY3SMwGmkw,2025-01-23 12:15:48+00:00,After Founding,66016,2533,673
440wmEUvzHo,2025-01-22 11:10:15+00:00,After Founding,29073,1667,187
_ztLC3nXMl8,2025-01-21 17:36:53+00:00,After Founding,25450,2815,462
x1-YtE0_CFo,2025-01-21 15:52:08+00:00,After Founding,20384,1733,405
RmpHizmsZGc,2025-01-20 18:17:41+00:00,After Founding,27200,2645,357
J7DO7yMTpi4,2025-01-19 17:06:20+00:00,After Founding,24505,1970,689
kq7jA4pRf2s,2025-01-18 17:05:43+00:00,After Founding,18631,1893,194
WlDmh-sWQa4,2025-01-17 17:10:09+00:00,After Founding,22600,2659,229
G0imA8Tnkm8,2025-01-16 17:02:46+00:00,After Founding,163560,11609,1151
uibb1_NC7Co,2025-01-16 11:06:59+00:00,After Founding,20983,2445,359
tVvh-V1xzFg,2025-01-15 17:12:58+00:00,After Founding,63638,3214,520
IiTnbAsqWnM,2025-01-14 17:18:50+00:00,After Founding,74803,6554,902
WTu6qyg-8eA,2025-01-14 11:09:33+00:00,After Founding,23923,2644,289
yjVF6r-ctWY,2025-01-13 17:08:19+00:00,After Founding,12419,1385,87
-9I2bknWhR0,2025-01-13 14:44:54+00:00,After Founding,18322,1639,76
1fFbYAsw3Yw,2025-01-13 10:20:49+00:00,After Founding,14886,1814,336
egHTaMPXtho,2025-01-12 18:31:42+00:00,After Founding,52823,5917,658
vdmuxF3YiJo,2025-01-12 18:30:51+00:00,After Founding,10576,1344,322
gj8D-eKLADQ,2025-01-12 17:49:24+00:00,After Founding,64808,4443,3412
L2FjCQzrFF0,2025-01-10 17:42:30+00:00,After Founding,31314,3829,733
3TOFM5j_gdI,2025-01-09 16:40:28+00:00,After Founding,38251,2254,806
q737BeGtftk,2025-01-09 13:16:30+00:00,After Founding,23494,2171,441
PgAvG4LYTjo,2025-01-08 17:50:03+00:00,After Founding,24102,3106,1117
Jw9p-NZ6MDQ,2025-01-07 17:16:09+00:00,After Founding,182013,10479,718
pYw9iPqHL-U,2025-01-06 17:02:49+00:00,After Founding,46723,4581,705
hd6oHVhYTs8,2025-01-05 16:23:24+00:00,After Founding,295897,12917,1088
yjuYNhnJe-s,2025-01-04 17:09:40+00:00,After Founding,45956,2389,140
nCQZOpgx25k,2025-01-03 17:04:44+00:00,After Founding,72071,4658,593
PIg9V89hY64,2025-01-02 19:30:02+00:00,After Founding,383988,9721,1847
Qn-e6dIGpBY,2024-12-27 10:05:54+00:00,After Founding,976707,28555,3209
fUcb0zmA4BI,2024-12-23 13:36:20+00:00,After Founding,25597,1758,100
KiRq8f-ydJI,2024-12-20 10:45:16+00:00,After Founding,222879,7182,2994
atR6CPUwNIo,2024-12-19 16:47:36+00:00,After Founding,18400,1883,310
UvW0ZqaT4XY,2024-12-18 11:46:19+00:00,After Founding,64059,3943,1360
Dea1zLXh944,2024-12-16 17:44:39+00:00,After Founding,26005,2931,225
Rr23fj1cPHY,2024-12-16 16:23:26+00:00,After Founding,126769,8083,2464
rSrcAjAySIg,2024-12-16 14:34:35+00:00,After Founding,27730,2589,231
iHgbqt_elKw,2024-12-16 11:44:23+00:00,After Founding,66405,4066,944
MVTsqE_cm50,2024-12-12 17:00:21+00:00,After Founding,113436,7183,1471
c2A6JDXuWoo,2024-12-10 18:38:55+00:00,After Founding,59528,5720,1016
rNjE46eAhY4,2024-12-10 12:30:38+00:00,After Founding,28527,2962,555
mDBSh8hwDSo,2024-12-09 16:38:38+00:00,After Founding,34386,4098,663
O_l4n4WBmI4,2024-12-08 16:51:13+00:00,After Founding,67136,6122,966
f_z-4_22uhI,2024-12-04 09:19:25+00:00,After Founding,42287,4303,433
UMwuZMpoMd8,2024-12-03 14:42:40+00:00,After Founding,237802,10194,5081
eRJBimgWThA,2024-12-02 17:07:14+00:00,After Founding,144619,10348,1749
ZexdXkpl-6E,2024-11-21 09:10:55+00:00,After Founding,832104,28690,1407
lT8IvORoyRs,2024-11-13 17:56:16+00:00,After Founding,203279,13962,6906
QPV9kcLgqS0,2024-11-13 12:51:17+00:00,After Founding,29341,2616,273
QPe817SS2-Y,2024-11-12 14:34:12+00:00,After Founding,162745,6469,1695
aLBodcblnVk,2024-11-09 16:10:06+00:00,After Founding,65867,5285,2094
RQf666dZPKk,2024-11-07 15:35:00+00:00,After Founding,169854,11340,2130
fBKaRS3HHJo,2024-11-06 18:21:35+00:00,After Founding,94734,6585,903
H4_d_dS0ayE,2024-11-05 14:39:02+00:00,After Founding,79812,4268,932
JoCp7MN8BXM,2024-10-20 07:55:43+00:00,After Founding,89966,4440,9484
PIZrrdeBwz4,2024-10-16 15:37:49+00:00,After Founding,64460,5939,2336
UwTLGzFhJYo,2024-10-15 14:21:58+00:00,After Founding,84712,5008,1347
GVR8Rz3YU68,2024-10-11 12:39:36+00:00,After Founding,78971,5268,1051
jLxbWSVEFlQ,2024-10-10 14:53:10+00:00,After Founding,36529,2252,600
wiTQOYsS30w,2024-10-09 18:46:20+00:00,After Founding,39594,2558,438
VAOXLG5fkBc,2024-10-08 14:15:05+00:00,After Founding,218212,9046,2788
EGcxyXW5MoY,2024-10-04 09:43:53+00:00,After Founding,56759,5706,3314
YcysDmbOWyw,2024-09-26 17:14:34+00:00,After Founding,201453,12277,4520
gh_SuGA1Zho,2024-09-24 14:14:23+00:00,After Founding,74843,4832,1417
BKoDtddDvkw,2024-09-24 12:17:22+00:00,After Founding,239031,13058,1117
YZ-mbNLhuT4,2024-09-19 16:46:01+00:00,After Founding,53418,4515,2025
LuxjeQn61Co,2024-09-17 12:13:21+00:00,After Founding,283430,12866,598
n7G-vtBSzn4,2024-09-12 07:03:43+00:00,After Founding,106371,7547,718
LdQso-7-4NE,2024-09-11 12:41:39+00:00,After Founding,162683,11478,4592
BF6rBx5f0zc,2024-09-09 13:21:09+00:00,After Founding,70821,4587,1262
rDbkINYYxCQ,2024-09-09 09:38:40+00:00,After Founding,64665,4942,606
2N7LHX5dmwE,2024-08-30 16:15:40+00:00,After Founding,71064,4367,447
YGCbSY4yh1I,2024-08-30 10:25:16+00:00,After Founding,82169,5804,482
_x7oW-JUSUA,2024-08-29 15:13:33+00:00,After Founding,58741,2947,1321
-lXMP0RUy5A,2024-08-28 14:00:00+00:00,After Founding,589699,40755,9122
JDry9sHfBU0,2024-08-28 11:20:40+00:00,After Founding,110077,6727,641
hhRZvfeXo-E,2024-08-24 16:10:33+00:00,After Founding,1085789,46111,2212
4dlBvGH6tkM,2024-07-31 15:39:16+00:00,After Founding,150911,5720,1822
plboC-GS-Ww,2024-07-24 10:47:41+00:00,After Founding,84759,3710,657
OhxOQWOw_fE,2024-07-13 05:35:17+00:00,After Founding,150980,9041,7422
v3YPYiLNE9c,2024-07-05 18:58:29+00:00,After Founding,949890,56380,3266
K2HOYgo_0UQ,2024-07-04 09:04:14+00:00,After Founding,232174,7798,2048
GUhLwqgSUXg,2024-06-26 14:29:07+00:00,After Founding,199429,15870,6100
yCDCvXEJ5kg,2024-06-25 14:40:22+00:00,After Founding,322237,18183,3545
w1o7FZ-lIIQ,2024-06-19 16:35:34+00:00,After Founding,174864,7963,1051
zWWQVeZQHXA,2024-06-13 12:04:45+00:00,After Founding,141200,11128,2178
4rnLAo8FWxk,2024-06-11 17:28:20+00:00,After Founding,319360,22634,7803
DhJt8ptkBS0,2024-06-06 12:46:58+00:00,After Founding,305076,20629,3333
29qi5DOsmsQ,2024-06-05 16:01:06+00:00,After Founding,200961,9909,2988
Ql7FFr54A7M,2024-06-04 14:09:08+00:00,After Founding,294909,17175,4213
UkO2fJUbres,2024-05-30 14:01:05+00:00,After Founding,443431,19182,2675
8bbfJl862cs,2024-05-29 14:29:19+00:00,After Founding,514417,24174,584
SAGFQye1hT0,2024-05-27 15:40:56+00:00,After Founding,695768,27097,4117
qh8xUmT2NyI,2024-05-24 07:23:40+00:00,After Founding,1256939,78014,4076
kp1S43yxpXw,2024-05-23 14:05:56+00:00,After Founding,360265,28556,6167
0MyB1KbzovI,2024-05-22 15:01:25+00:00,After Founding,48332,4825,465
lw_WCcWmZYQ,2024-05-16 12:58:43+00:00,After Founding,98027,8576,1509
l6NQ6dNT0Hk,2024-05-15 06:48:59+00:00,After Founding,59833,5392,1354
a6y67L8XX64,2024-05-14 14:39:58+00:00,After Founding,496708,16696,2616
jgmOuiAJASk,2024-05-12 05:18:16+00:00,After Founding,63777,6846,786
gSFVSLZTYvU,2024-05-11 07:21:08+00:00,After Founding,40481,2885,188
bGNp5K8y_j8,2024-05-09 11:03:04+00:00,After Founding,411485,27402,2273
CJxNtxYcfEw,2024-05-07 18:53:13+00:00,After Founding,168433,14006,4016
C67mKjQTe8s,2024-04-24 14:35:48+00:00,After Founding,65785,5002,3080
dWs1I4LNIeE,2024-04-24 11:33:53+00:00,After Founding,113313,5460,721
f5vmf3KoJ7o,2024-04-23 14:14:45+00:00,After Founding,100646,6730,1209
xxMllVtVZ_o,2024-04-12 13:23:47+00:00,After Founding,177096,15402,3496
bHius0x9mtw,2024-04-09 14:47:29+00:00,After Founding,142372,8826,1868
1ZReSYUx-ng,2024-03-20 17:07:11+00:00,After Founding,334035,21961,7678
GhJpgQbmo_A,2024-03-19 15:04:51+00:00,After Founding,352839,19475,3123
VVXrNSpEwJQ,2024-03-14 12:06:31+00:00,After Founding,641711,42535,7346
cGVFQiDCxto,2024-03-12 15:23:35+00:00,After Founding,66632,5515,721
qRZhjFyhSQI,2024-02-21 18:30:45+00:00,After Founding,205426,16044,4982
6XbaeGuzpJ8,2024-02-20 15:10:39+00:00,After Founding,82501,5624,1032
1VK0jX-64qo,2024-02-14 16:42:55+00:00,After Founding,174457,9362,2387
LkbVw4fanIg,2024-01-31 17:01:26+00:00,After Founding,215527,14484,3316
dzU5AoHMDu8,2024-01-27 20:14:49+00:00,After Founding,117287,8772,2833
ZfDr1wAzlsE,2024-01-27 20:09:42+00:00,After Founding,69511,4075,48
fgyKnm4wBFE,2024-01-10 07:44:28+00:00,After Founding,98678,5165,5637
dLDYrpiuPcM,2024-01-08 16:30:17+00:00,After Founding,136797,8686,0
3rc4LRur7LA,2023-12-20 13:03:07+00:00,Before Founding,326695,17726,5509
A5AEU5wxDPo,2023-12-15 11:41:05+00:00,Before Founding,341932,21992,3763
b9PGwmmYgv4,2023-12-13 10:11:57+00:00,Before Founding,86633,6403,1734
qe5T8EXybf0,2023-11-30 19:34:42+00:00,Before Founding,260429,15651,3893
OIh05OgR-uk,2023-11-29 13:56:38+00:00,Before Founding,69488,7016,1951
rP2k4WzZybI,2023-11-28 11:32:20+00:00,Before Founding,758572,49830,2145
VVF4offVCME,2023-11-23 15:50:39+00:00,Before Founding,70743,6188,453
IUmwYk8JZSE,2023-11-16 19:20:57+00:00,Before Founding,206475,14420,5086
ys9mgY1oUHc,2023-11-09 18:54:14+00:00,Before Founding,213272,12916,4268
AWGTPkLx0WM,2023-11-09 16:41:57+00:00,Before Founding,584899,32682,1269
4iXdEnrvGvo,2023-10-24 18:01:31+00:00,Before Founding,88638,4885,2314
Q3xfPEnPNc0,2023-10-23 23:10:12+00:00,Before Founding,157065,9529,1956
kWpL4qKEQF4,2023-10-23 07:55:07+00:00,Before Founding,108849,11851,3344
Aqt2k_7tvKo,2023-10-12 19:30:30+00:00,Before Founding,366462,21969,6254
K0YqvoU08Sw,2023-09-21 18:50:44+00:00,Before Founding,912495,47898,12860
-FWWfaBUtD0,2023-09-19 16:09:01+00:00,Before Founding,264637,20322,976
psN9dX1laVM,2023-09-18 14:14:22+00:00,Before Founding,1265971,59071,2710
x4ms74GOJq8,2023-09-07 16:09:44+00:00,Before Founding,455058,26831,7273
CGCXvUXaFeU,2023-07-13 15:03:18+00:00,Before Founding,197156,9554,5612
51MUJJD3o_4,2023-07-06 16:31:29+00:00,Before Founding,250162,15182,3432
lY4e3H0NDV4,2023-06-22 18:46:07+00:00,Before Founding,388077,26229,5545
ulaw8J_YFLw,2023-06-16 14:02:12+00:00,Before Founding,1176727,62061,2363
FJvNU6QGmcw,2023-05-27 10:01:18+00:00,Before Founding,321179,23483,780
HrUXeOwPcHE,2023-05-25 17:43:40+00:00,Before Founding,366991,25331,10995
scvsn6UDVdE,2023-05-17 13:36:53+00:00,Before Founding,112190,9513,389
tLDLTGNd24c,2023-05-16 11:04:34+00:00,Before Founding,146917,12855,388
sKYf74YFL8M,2023-05-11 18:12:54+00:00,Before Founding,338237,24417,5064
5j1DoEwZpho,2023-04-28 14:19:25+00:00,Before Founding,146616,11129,280
wYyHVnrfjvI,2023-04-27 18:08:36+00:00,Before Founding,389577,28896,6161
t68QfjvISZ8,2023-04-21 13:43:39+00:00,Before Founding,802277,41837,2127
oBRUvMSHsHs,2023-03-30 18:08:20+00:00,Before Founding,343033,22566,7866
tewlw2R8rvo,2023-03-23 19:11:13+00:00,Before Founding,355928,19556,3443
H6vwRCQX3cQ,2023-03-20 07:29:56+00:00,Before Founding,213017,24370,1214
5BZKoICJbZY,2023-03-18 13:20:07+00:00,Before Founding,1767578,108370,5130
BcUWnPJoxI0,2023-03-16 17:03:41+00:00,Before Founding,1012052,52485,9979
aIylqpDNVIc,2023-03-15 17:02:24+00:00,Before Founding,1387966,77435,5449
xC-aRUy6qnI,2023-03-09 18:38:56+00:00,Before Founding,67139,6983,2811
dcc_KKkZpS8,2023-03-01 17:14:34+00:00,Before Founding,324861,27877,2335
XGOscIX3aFA,2023-02-26 18:10:55+00:00,Before Founding,566093,50923,14837
1tZKTVGKKAE,2023-02-26 13:02:05+00:00,Before Founding,348529,34920,1114
16QS-8YnSZg,2023-02-24 06:38:59+00:00,Before Founding,337424,37799,11796
b6pn5X2yNCU,2023-02-23 09:31:32+00:00,Before Founding,56442,6863,1414
ryegSlHLx0Y,2023-02-21 16:12:53+00:00,Before Founding,184147,24824,1585
n4oajy4MMqI,2023-02-18 09:15:27+00:00,Before Founding,359278,46512,3107
Ctjq8vuQyxo,2023-02-10 12:34:56+00:00,Before Founding,243383,31791,2214
CpAML_2ANqc,2023-02-10 08:00:25+00:00,Before Founding,307899,26375,14176
4EPEp2q0bzY,2023-02-09 11:15:05+00:00,Before Founding,1598091,93928,5922
ZYszDrACYrs,2023-02-09 11:03:11+00:00,Before Founding,501545,48461,2019
_x_-1Xtw9yE,2023-02-02 19:19:34+00:00,Before Founding,638773,34945,7067
5Uqxb8n0rdU,2023-01-28 15:01:05+00:00,Before Founding,1683366,81562,4623
wCAWzKpHIp8,2023-01-27 15:06:57+00:00,Before Founding,832594,73650,3486
fjveEpQc5hk,2023-01-25 19:00:22+00:00,Before Founding,158953,19327,529
miPYLeMaf7g,2023-01-20 15:02:58+00:00,Before Founding,467103,42023,1949
U0rBBMStw9Q,2023-01-19 19:20:05+00:00,Before Founding,1019251,79047,25064
ulQSF6d13GI,2022-12-22 16:40:05+00:00,Before Founding,888781,61035,12766
EcfCjO7KIyQ,2022-12-08 18:55:30+00:00,Before Founding,602748,39812,8425
EUHCLo7J9n4,2022-11-24 17:59:18+00:00,Before Founding,677649,32980,6843
D3oUe8usIkU,2022-11-10 19:32:51+00:00,Before Founding,624028,47291,11305
Lwflj8_vmgI,2022-11-03 19:24:20+00:00,Before Founding,913576,65868,11826
bQNsHivR9AU,2022-10-20 18:44:19+00:00,Before Founding,1861729,128593,21187
CbAfH65jGI4,2022-10-13 18:29:37+00:00,Before Founding,1214416,91873,17148
aC_xBjrmTl4,2022-09-29 18:16:55+00:00,Before Founding,840930,45090,8061
DY3vQJ36Xkw,2022-09-22 17:40:57+00:00,Before Founding,729229,75695,13327
U3JInRxTJek,2022-09-15 19:10:03+00:00,Before Founding,591259,57948,10363
jyltDCy3Kvo,2022-09-08 18:07:07+00:00,Before Founding,1091495,89011,15480
oRYkODSC-WU,2022-09-08 11:09:30+00:00,Before Founding,1554796,94313,12768
dodIQkDgtDA,2022-07-07 16:23:55+00:00,Before Founding,741801,62938,18159
7UJKIi_qYJ4,2022-06-30 17:46:34+00:00,Before Founding,548329,41184,5905
Yba9vO5wZEU,2022-06-09 18:21:20+00:00,Before Founding,371010,27145,4724
Bz-XL4YLGeA,2022-06-02 17:03:30+00:00,Before Founding,333657,31217,6493
5Ms0f7XnsTc,2022-05-19 18:12:43+00:00,Before Founding,831987,56322,10049
t4noGdNNXXw,2022-05-14 10:04:06+00:00,Before Founding,206818,15529,2401
avtmxgsVux8,2022-05-12 13:06:11+00:00,Before Founding,578251,41020,4388
58qxTjXnPPE,2022-05-05 16:47:35+00:00,Before Founding,830304,72700,18877
HEzT9HKj6D8,2022-04-07 16:54:45+00:00,Before Founding,857516,58606,18439
Cbnrgm8V4uo,2022-04-07 13:55:59+00:00,Before Founding,170369,17086,1772
hFMMeqC8fuY,2022-03-24 19:05:04+00:00,Before Founding,801718,58405,12036
SYLsSPSjTX8,2022-03-03 19:37:59+00:00,Before Founding,623784,45779,13085
cjday8GQ1oE,2022-02-28 16:45:07+00:00,Before Founding,232797,18309,4197
C9-oJhuYIOI,2022-02-25 13:43:15+00:00,Before Founding,755586,40146,10909
SLlsrkGwPCA,2022-02-17 18:04:57+00:00,Before Founding,529573,46532,6384
nB_ueqshBRo,2022-02-10 17:22:04+00:00,Before Founding,327903,22240,3162
WCwx94TOGPQ,2022-02-03 19:01:01+00:00,Before Founding,1982480,97705,19522
LbnRTQTJ7bQ,2022-01-27 18:46:52+00:00,Before Founding,987780,75071,10662
JaE6UMk1u6I,2022-01-23 11:27:00+00:00,Before Founding,266196,25302,2399
dOCB87649D0,2022-01-13 18:16:44+00:00,Before Founding,511331,41764,5180
l3DwwQ6ePIg,2022-01-12 08:19:27+00:00,Before Founding,216135,23369,2302
3zbciNWbCO8,2022-01-06 12:57:16+00:00,Before Founding,479085,18667,2014
Cg4JNKVJ7ik,2021-12-29 11:55:31+00:00,Before Founding,539602,46441,3206
I8MYqaGFTc8,2021-12-16 19:25:00+00:00,Before Founding,415642,26538,3930
ZdtBVODJqBU,2021-12-09 19:38:05+00:00,Before Founding,343304,33769,4944
CAC9F3_pjjE,2021-12-02 19:53:57+00:00,Before Founding,1961058,131862,15154
hvQKE0bGq5U,2021-11-25 18:34:57+00:00,Before Founding,688514,58271,5515
kyUaDbVjMr0,2021-11-19 06:39:03+00:00,Before Founding,1584452,107820,11839
lirz_z7JSuE,2021-10-28 19:48:49+00:00,Before Founding,234090,25297,4298
kpyHz_7Q5wE,2021-10-21 16:01:16+00:00,Before Founding,327442,18962,2677
zvcdzf5jjd4,2021-09-26 18:48:54+00:00,Before Founding,260576,7594,1408
4JwTr2xZjXI,2021-09-23 14:00:02+00:00,Before Founding,272337,16893,2303
Q7bEhtzMqZQ,2021-09-16 17:52:18+00:00,Before Founding,425695,27704,4660
wDXe-3FYhmA,2021-09-09 13:30:28+00:00,Before Founding,240525,12210,2400
xw3qY4kS4HQ,2021-09-02 14:08:32+00:00,Before Founding,528800,40883,6135
juQMBphcboo,2021-08-26 14:08:56+00:00,Before Founding,1104963,52647,7420
0b-VGNDnN9I,2021-06-30 14:00:01+00:00,Before Founding,40490,3226,753
rPpYwaNRAFI,2021-06-27 10:00:19+00:00,Before Founding,70324,4271,581
z9JF07KLECA,2021-06-24 18:11:29+00:00,Before Founding,193700,10613,2587
QsE3xEwsTtI,2021-06-17 15:36:39+00:00,Before Founding,98314,10315,1594
KYrGVcvpz3A,2021-06-10 14:31:03+00:00,Before Founding,155618,12257,2344
bJBEI9Hg6_Y,2021-06-09 17:12:19+00:00,Before Founding,51664,2707,336
eJSnp0z16MY,2021-06-07 09:44:51+00:00,Before Founding,180424,7867,1720
DQNg15cw-x4,2021-06-03 15:06:57+00:00,Before Founding,165959,15182,2347
m-2ya_y1JJg,2021-05-27 14:00:15+00:00,Before Founding,134806,8494,1245
iwt0EsCe5CM,2021-05-20 17:14:51+00:00,Before Founding,155453,4838,1374
rIlUci-PJVA,2021-05-06 15:31:14+00:00,Before Founding,832863,47396,7905
wqrXAYUtmbc,2021-04-29 17:30:37+00:00,Before Founding,482851,45804,6335
0xq5B7Gn2Mk,2021-04-22 11:22:52+00:00,Before Founding,388467,30493,5769
q9XeZOvFUTQ,2021-04-01 15:00:33+00:00,Before Founding,194851,12522,1913
I5Qd6xiU55k,2021-03-25 15:30:01+00:00,Before Founding,271867,20446,4135
yVsj7e0FcgI,2021-03-18 20:32:00+00:00,Before Founding,741930,42823,5940
ZDtCMKdZ_gU,2021-03-11 16:07:43+00:00,Before Founding,490893,33935,5376
PMg-s5dsrrs,2021-03-04 16:27:52+00:00,Before Founding,301379,21571,3867
epVDA5oJm-4,2021-02-25 20:33:55+00:00,Before Founding,297322,18660,3462
UDGl7rCLrVI,2021-02-18 15:45:03+00:00,Before Founding,518093,36887,5518
_JW1NmPCOWI,2021-02-14 08:00:07+00:00,Before Founding,88293,5837,885
Vqv_DLeF3Uw,2021-02-10 08:00:07+00:00,Before Founding,139816,8385,974
wbUTuwNmxdM,2021-02-08 10:00:16+00:00,Before Founding,340078,22879,3172
T2bivIDGCMI,2021-02-04 16:28:10+00:00,Before Founding,792659,54547,9395
SX2C60SiB20,2021-01-30 12:07:35+00:00,Before Founding,30962,2210,485
KUg0UGFjKFU,2021-01-28 16:29:59+00:00,Before Founding,341433,24564,3772
ZFlyZV1jK2Q,2021-01-14 17:31:37+00:00,Before Founding,472125,37871,6799
MiymfIpeupY,2021-01-13 14:28:06+00:00,Before Founding,135183,5766,625
2hWf8bG2yj0,2021-01-07 16:00:02+00:00,Before Founding,400254,26558,4646
wEIvCcPKj20,2020-12-14 13:12:42+00:00,Before Founding,74518,1762,255
OskHcSVvIY4,2020-12-10 16:00:06+00:00,Before Founding,599733,33585,5717
RDnbyvvRRDA,2020-12-08 12:00:14+00:00,Before Founding,241767,13802,1715
y1oJ1TaLfww,2020-12-05 10:00:15+00:00,Before Founding,158908,9564,1268
RhKSSpCXvnQ,2020-12-03 16:50:59+00:00,Before Founding,265222,19061,3167
SLNoXja7jX4,2020-11-26 15:01:26+00:00,Before Founding,92096,3765,539
0mU5_aIBc-8,2020-11-12 16:05:27+00:00,Before Founding,841915,49003,8546
biY2vY7wPto,2020-11-05 09:58:12+00:00,Before Founding,166183,6991,1224
027G5JGJovo,2020-10-29 19:22:02+00:00,Before Founding,306612,18925,3106
zZnCpotRxkQ,2020-10-22 15:12:46+00:00,Before Founding,482993,19367,2712
1zgEuAkJm6c,2020-10-09 12:19:18+00:00,Before Founding,34594,3001,364
tbzWfrUP5JI,2020-09-25 10:51:25+00:00,Before Founding,247338,14491,2139
IkDGL1kFYwU,2020-09-18 11:37:09+00:00,Before Founding,360419,23830,3436
xyLibyPE0ww,2020-09-10 16:21:55+00:00,Before Founding,372962,18148,3224
S-rtuWjSTAk,2020-09-03 09:14:35+00:00,Before Founding,38993,1471,569
L60hLi8KZbk,2020-07-02 20:43:06+00:00,Before Founding,495541,17223,4565
8KZiHF2Ifjs,2020-06-29 11:47:47+00:00,Before Founding,164359,13240,1872
0TSy5OMN5M8,2020-06-25 19:45:07+00:00,Before Founding,118411,7726,1620
R3T9YKho2Yk,2020-06-18 22:13:38+00:00,Before Founding,156280,9654,1982
lU_-eCvbkTk,2020-06-04 19:48:35+00:00,Before Founding,170164,8081,1156
t7_sLtCKULE,2020-05-28 16:06:45+00:00,Before Founding,272148,13613,2008
bPXSAUkPsgI,2020-05-21 14:56:15+00:00,Before Founding,41966,1403,279
aLJe9NWt7EE,2020-05-19 18:13:49+00:00,Before Founding,26497,808,153
jRE0qb4bG1o,2020-05-14 17:19:38+00:00,Before Founding,339298,14158,1937
uwsV7vKyF3E,2020-05-07 20:41:11+00:00,Before Founding,874856,37601,3944
GiU85X3T6Po,2020-04-30 17:47:09+00:00,Before Founding,107194,5040,1026
_T9wZFLt6pI,2020-04-23 16:05:28+00:00,Before Founding,17270,538,125
plSg9TxvUwo,2020-04-16 22:29:56+00:00,Before Founding,81222,2603,996
afNmsL0d0c8,2020-04-02 19:23:46+00:00,Before Founding,86243,3514,682
yKvCzwhTu-w,2020-03-26 19:22:11+00:00,Before Founding,144950,5187,932
XQm5DVHSaU0,2020-03-19 19:29:26+00:00,Before Founding,49352,3253,631
HlGUrEOE9po,2020-03-13 18:20:18+00:00,Before Founding,103094,4610,754
q3W0zBY_lqU,2020-03-05 21:06:22+00:00,Before Founding,93354,6486,993
_Ocq6Ka_1Lc,2020-03-01 10:00:10+00:00,Before Founding,9579,886,176
dUoskQc0Pto,2020-02-27 22:42:20+00:00,Before Founding,112347,5554,694
iyLVwAmvRx8,2020-02-20 16:02:21+00:00,Before Founding,39582,1414,207
G6_9tJfaklw,2020-02-13 18:49:35+00:00,Before Founding,33533,3062,516
8CaMZYSPwwA,2020-02-08 10:48:23+00:00,Before Founding,11220,543,84
2CB_jzEGWOM,2020-02-06 20:34:49+00:00,Before Founding,49152,3474,946
spJCcYnEiJc,2020-01-30 19:11:16+00:00,Before Founding,86885,8861,1591
MrsMs5fM1Rg,2020-01-15 14:42:09+00:00,Before Founding,269529,9837,987
0tI1iR8bWXM,2019-09-26 08:29:40+00:00,Before Founding,19159,1262,129
P_tW9MVl50g,2019-09-25 07:45:14+00:00,Before Founding,1682,89,0
iXQpNxjU1lw,2019-09-23 14:10:02+00:00,Before Founding,4485,235,8
HdXIrXQwgw0,2019-09-23 14:09:57+00:00,Before Founding,17153,1036,127
9wque3La5ZQ,2019-09-23 14:09:53+00:00,Before Founding,7559,389,26
y0_oQ-Mg-VI,2019-09-23 14:09:49+00:00,Before Founding,1544,98,4
SogcnVxRj4M,2019-09-23 14:09:44+00:00,Before Founding,104201,3972,423
K5J3e_L3ZZQ,2019-09-23 14:09:40+00:00,Before Founding,931,47,0
ZxAmrKudGRU,2019-09-23 14:09:37+00:00,Before Founding,1061,55,2
PN742VYeofg,2019-09-23 14:09:34+00:00,Before Founding,1158,58,0
c9NGTX8JxXc,2019-09-23 14:09:31+00:00,Before Founding,1551,93,6
8WnDcK8Y_2o,2019-09-23 13:43:31+00:00,Before Founding,2479,121,7
DsB2_jG6cl0,2019-09-23 13:31:35+00:00,Before Founding,1610,88,4
QEBxD-XsWiM,2019-09-23 13:00:07+00:00,Before Founding,1510,88,5
SeUMY6t3NUo,2019-09-23 12:59:25+00:00,Before Founding,5233,218,9
gDLyedyRGu4,2019-09-23 12:58:36+00:00,Before Founding,2155,92,2
b52Irouu_xE,2019-09-04 12:50:57+00:00,Before Founding,2322,101,11
a0nCOCPNlxk,2019-09-04 11:39:53+00:00,Before Founding,1626,85,2
2M8xqY1LITg,2019-09-04 11:37:55+00:00,Before Founding,1412,64,2
RGhgywjoY7Q,2019-09-04 11:25:08+00:00,Before Founding,1188,93,3
GVUVHfp9apo,2019-09-04 10:28:42+00:00,Before Founding,3532,213,10
7kpqXdn3puQ,2019-09-04 10:14:40+00:00,Before Founding,10698,696,71
sD288bB83RI,2019-06-07 17:05:18+00:00,Before Founding,4344,246,11
0m_ZjGLB5lk,2019-06-03 14:05:14+00:00,Before Founding,20550,864,61
